{"mean": [1.489694168876599, 0.5025951630036782, 0.49862764181861113], "scale": [0.8660436240032342, 0.28712171375430023, 0.289076185017066]}